{
    "bandmate": "Ace",
    "childIndex": 1,
    "xPos": 191.78701782226563,
    "yPos": -349.4783935546875
}