{
    "bandmate": "Ace",
    "childIndex": 0,
    "xPos": -588.2080078125,
    "yPos": -62.427764892578128
}