{
    "bandmate": "Haley",
    "childIndex": 1,
    "xPos": -91.560791015625,
    "yPos": -316.3005676269531
}