{
    "bandmate": "Haley",
    "childIndex": 0,
    "xPos": 181.13217163085938,
    "yPos": -147.03663635253907
}