{
    "bandmate": "Kurt",
    "childIndex": 2,
    "xPos": -1247.1676025390625,
    "yPos": -165.0867156982422
}