{
    "bandmate": "Kurt",
    "childIndex": 2,
    "xPos": -421.9311218261719,
    "yPos": 93.76248168945313
}