{
    "bandmate": "MJ",
    "childIndex": 3,
    "xPos": 66.06002807617188,
    "yPos": 115.0721435546875
}